{
    "AS_FlexContainer_b1697257ac6b424789b3e8ebce21f5ac": {
        "id": "AS_FlexContainer_b1697257ac6b424789b3e8ebce21f5ac",
        "type": "ACTION_SEQUENCE",
        "params": [{
            "datatype": "collection",
            "name": "eventobject"
        }, {
            "datatype": "string",
            "name": "x"
        }, {
            "datatype": "string",
            "name": "y"
        }],
        "contextObj": {
            "name": "uwu57c327a8769485395e14bf061c7122c",
            "type": "userwidgets",
            "KUID": "u57c327a8769485395e14bf061c7122c"
        },
        "language": "js",
        "actions": [{
            "id": "ADD_SNIPPET__d4ff14558d9a44dbb9c1235d26874310",
            "type": "ADD_SNIPPET",
            "codeSnippet": "var a=1;",
            "parentId": null,
            "callbackType": null
        }]
    }
}