{
    "AS_FlexContainer_bcb5074d49f046f3b575e1a13a507e0e": {
        "id": "AS_FlexContainer_bcb5074d49f046f3b575e1a13a507e0e",
        "type": "ACTION_SEQUENCE",
        "params": [{
            "datatype": "collection",
            "name": "eventobject"
        }, {
            "datatype": "string",
            "name": "x"
        }, {
            "datatype": "string",
            "name": "y"
        }],
        "contextObj": {
            "name": "uwu57c327a8769485395e14bf061c7122c",
            "type": "userwidgets",
            "KUID": "u57c327a8769485395e14bf061c7122c"
        },
        "language": "js",
        "actions": [{
            "id": "ADD_SNIPPET__j24a41d115214adcb12c56c7edd141f9",
            "type": "ADD_SNIPPET",
            "codeSnippet": "this.animateFlexToSmall();",
            "parentId": null,
            "callbackType": null
        }]
    }
}