{
    "AS_FlexContainer_fd62abe9b95343e4891e7b7d4c81f070": {
        "id": "AS_FlexContainer_fd62abe9b95343e4891e7b7d4c81f070",
        "type": "ACTION_SEQUENCE",
        "params": [{
            "datatype": "collection",
            "name": "eventobject"
        }, {
            "datatype": "string",
            "name": "x"
        }, {
            "datatype": "string",
            "name": "y"
        }],
        "contextObj": {
            "name": "uwu57c327a8769485395e14bf061c7122c",
            "type": "userwidgets",
            "KUID": "u57c327a8769485395e14bf061c7122c"
        },
        "language": "js",
        "actions": [{
            "id": "ADD_SNIPPET__a747f1d4dd6a46f69af79492e9143bd2",
            "type": "ADD_SNIPPET",
            "codeSnippet": "this.animateFlexToFull();",
            "parentId": null,
            "callbackType": null
        }]
    }
}