{
    "AS_FlexContainer_ec0cbdcd58ed443788cf8ebd99b42932": {
        "id": "AS_FlexContainer_ec0cbdcd58ed443788cf8ebd99b42932",
        "type": "ACTION_SEQUENCE",
        "params": [{
            "datatype": "collection",
            "name": "eventobject"
        }],
        "contextObj": {
            "name": "uwu57c327a8769485395e14bf061c7122c",
            "type": "userwidgets",
            "KUID": "u57c327a8769485395e14bf061c7122c"
        },
        "language": "js",
        "actions": [{
            "id": "ADD_SNIPPET__h66c506ef85749edaaf2088ecf878d1b",
            "type": "ADD_SNIPPET",
            "codeSnippet": "this.addDataToMap();",
            "parentId": null,
            "callbackType": null
        }]
    }
}