{
    "AS_Map_a4e71df2f34e4ca2b0458fbadc02c8e3": {
        "id": "AS_Map_a4e71df2f34e4ca2b0458fbadc02c8e3",
        "type": "ACTION_SEQUENCE",
        "params": [{
            "datatype": "collection",
            "name": "eventobject"
        }, {
            "datatype": "string",
            "name": "location"
        }],
        "contextObj": {
            "name": "uwu57c327a8769485395e14bf061c7122c",
            "type": "userwidgets",
            "KUID": "u57c327a8769485395e14bf061c7122c"
        },
        "language": "js",
        "actions": [{
            "id": "ADD_SNIPPET__bdcbb9d8de0a4d77be5ffcb3b2e86c47",
            "type": "ADD_SNIPPET",
            "codeSnippet": "this.pinClicked(location);",
            "parentId": null,
            "callbackType": null
        }]
    }
}