{
    "AS_Button_jf0445237e1e4980b62a00537914ca3c": {
        "id": "AS_Button_jf0445237e1e4980b62a00537914ca3c",
        "type": "ACTION_SEQUENCE",
        "params": [{
            "datatype": "collection",
            "name": "eventobject"
        }],
        "contextObj": {
            "name": "frmMain",
            "type": "forms",
            "platform": null,
            "KUID": "i9176eb4217c4825a7f689ce47bd09ab"
        },
        "language": "js",
        "actions": [{
            "id": "NAVIGATE_TO_FORM___g3f6c43346ae4847b0b0e8525777783c",
            "type": "NAVIGATE_TO_FORM",
            "formId": "frmAddAc",
            "formKUID": "d7adf184568e4fe2bdd7c701ad42eb3b",
            "mappings": {},
            "mappingsOrder": [],
            "parentId": "",
            "callbackType": null,
            "enableMappingEditor": true
        }]
    }
}