{
    "AS_Button_jba5d06ff0934494bd2af5a3628d7b71": {
        "id": "AS_Button_jba5d06ff0934494bd2af5a3628d7b71",
        "type": "ACTION_SEQUENCE",
        "params": [{
            "datatype": "collection",
            "name": "eventobject"
        }],
        "contextObj": {
            "name": "frmAddAc",
            "type": "forms",
            "platform": null,
            "KUID": "d7adf184568e4fe2bdd7c701ad42eb3b"
        },
        "language": "js",
        "actions": [{
            "id": "ADD_SNIPPET__i2dfd8766a804e34b816dbe984410939",
            "type": "ADD_SNIPPET",
            "codeSnippet": "this.onClickAdd();",
            "parentId": null,
            "callbackType": null
        }]
    }
}