{
    "AS_Form_a346d1af79ff44f9832c8b5da7fca29c": {
        "id": "AS_Form_a346d1af79ff44f9832c8b5da7fca29c",
        "type": "ACTION_SEQUENCE",
        "params": [{
            "datatype": "collection",
            "name": "eventobject"
        }],
        "contextObj": {
            "name": "frmMain",
            "type": "forms",
            "platform": "",
            "KUID": "i9176eb4217c4825a7f689ce47bd09ab"
        },
        "language": "js",
        "actions": [{
            "id": "ADD_SNIPPET__hf1b25e2fcbb472da56c51b9fd0c2940",
            "type": "ADD_SNIPPET",
            "codeSnippet": "this.getAcData();\n//invokeNodeService(\"http://192.168.0.4\",\"7777\",{},this.myNodeResp);\n//this.nodeFetchStudents();",
            "parentId": null,
            "callbackType": null
        }]
    }
}