{
    "@class": "com.kony.gen.viz.model.component.KVizButton",
    "DNDConfig": null,
    "__parentReadjusting__": false,
    "_bottom_": {
        "type": "string",
        "value": "0%"
    },
    "_height_": {
        "type": "string",
        "value": "8%"
    },
    "_margin_": [
        6,
        6,
        6,
        6
    ],
    "_padding_": [
        0,
        0,
        0,
        0
    ],
    "_skin_": "s34f038b2e4f4b078b99e6a165f23baa",
    "_text_": "Add Account",
    "_width_": {
        "type": "string",
        "value": "100%"
    },
    "canUpdateUI": true,
    "centerx": {
        "type": "string",
        "value": "50%"
    },
    "containerweight": 100,
    "contentalignment": 5,
    "displaytext": true,
    "focusskin": "s4003f957b4d4430b2d2b18604b50250",
    "id": "btnAddAc",
    "ide_onClick": "AS_Button_jf0445237e1e4980b62a00537914ca3c",
    "info": null,
    "iphone": {
        "psp": {
            "showProgressIndicator": false
        }
    },
    "isvisible": true,
    "kuid": "b14650b1de84444fbcce061bb3aeebd0",
    "name": "kony.ui.Button",
    "parent": "frmMain",
    "pf": "frmMain",
    "showprogressindicator": false,
    "wType": "Button",
    "zindex": 1
}