{
    "@class": "com.kony.gen.viz.model.component.KVizLabel",
    "DNDConfig": null,
    "__parentReadjusting__": false,
    "_height_": {
        "type": "ref",
        "value": "preferred"
    },
    "_left_": {
        "type": "string",
        "value": "148dp"
    },
    "_margin_": [
        1,
        1,
        1,
        1
    ],
    "_padding_": [
        0,
        0,
        0,
        0
    ],
    "_skin_": "s461c9a37d3a4f85970a7ca8a3239657",
    "_text_": "Students List",
    "_top_": {
        "type": "string",
        "value": "12dp"
    },
    "_width_": {
        "type": "ref",
        "value": "preferred"
    },
    "_wrapping_": 2,
    "android": {
        "textStyle": {
            "letterSpacing": 0,
            "strikeThrough": false
        }
    },
    "canUpdateUI": true,
    "centerx": {
        "type": "string",
        "value": "50%"
    },
    "centery": {
        "type": "string",
        "value": "5%"
    },
    "containerweight": 100,
    "contentalignment": 4,
    "id": "lbl",
    "info": null,
    "ipad": {
        "psp": {
            "wrapping": 2
        }
    },
    "iphone": {
        "psp": {
            "wrapping": 2
        }
    },
    "isvisible": true,
    "kuid": "ab73dc25b6a649fdbcda1cd7fe11a8e1",
    "name": "kony.ui.Label",
    "parent": "frmMain",
    "pf": "frmMain",
    "tooltip": "",
    "wType": "Label",
    "zindex": 1
}