{
    "DNDConfig": null,
    "_height_": {
        "type": "string",
        "value": "15%"
    },
    "_margin_": [
        0,
        0,
        0,
        0
    ],
    "_orientation_": 6,
    "_padding_": [
        0,
        0,
        0,
        0
    ],
    "_percent_": true,
    "_skin_": "saf17442ddd0436a80a7ac5fb00183ae",
    "allboxes": [],
    "autogrowmode": 0,
    "canUpdateUI": true,
    "children": [
        "flxBody"
    ],
    "clipbounds": true,
    "containerId": true,
    "containerweight": 100,
    "controllerInfo": {
        "default": {
            "channel": "mobile",
            "name": "flxOutrController"
        }
    },
    "enablescrolling": true,
    "id": "flxOutr",
    "info": null,
    "isTemplate": true,
    "isvisible": true,
    "kuid": "g6d46cd4d3b94afa888d817ca90e1f6f",
    "layouttype": 2,
    "name": "kony.ui.FlexContainer",
    "parent": "rowTemp",
    "pf": "rowTemp",
    "snapgridsize": 10,
    "snaptogrid": true,
    "wType": "FlexContainer",
    "widgetalignment": 1
}