{
    "@class": "com.kony.gen.viz.model.component.KVizLabel",
    "DNDConfig": null,
    "__parentReadjusting__": false,
    "_height_": {
        "type": "ref",
        "value": "preferred"
    },
    "_left_": {
        "type": "string",
        "value": "5%"
    },
    "_margin_": [
        1,
        1,
        1,
        1
    ],
    "_padding_": [
        0,
        0,
        0,
        0
    ],
    "_skin_": "saea7dae3a4a494bad05e5111f13f6a4",
    "_text_": "Label",
    "_top_": {
        "type": "string",
        "value": "50%"
    },
    "_width_": {
        "type": "string",
        "value": "40%"
    },
    "_wrapping_": 2,
    "android": {
        "textStyle": {
            "letterSpacing": 0,
            "strikeThrough": false
        }
    },
    "canUpdateUI": true,
    "containerId": true,
    "containerweight": 100,
    "contentalignment": 4,
    "id": "lblAcNum",
    "info": null,
    "ipad": {
        "psp": {
            "wrapping": 2
        }
    },
    "iphone": {
        "psp": {
            "wrapping": 2
        }
    },
    "isvisible": true,
    "kuid": "b098fc925834414489ff14e227f7602a",
    "name": "kony.ui.Label",
    "parent": "flxBody",
    "pf": "rowTemp",
    "tooltip": "",
    "wType": "Label",
    "zindex": 1
}