{
    "@class": "com.kony.gen.viz.model.component.KVizButton",
    "DNDConfig": null,
    "__parentReadjusting__": false,
    "_height_": {
        "type": "string",
        "value": "50dp"
    },
    "_margin_": [
        6,
        6,
        6,
        6
    ],
    "_padding_": [
        0,
        0,
        0,
        0
    ],
    "_skin_": "s34f038b2e4f4b078b99e6a165f23baa",
    "_text_": "Done",
    "_width_": {
        "type": "string",
        "value": "90%"
    },
    "canUpdateUI": true,
    "centerx": {
        "type": "string",
        "value": "50%"
    },
    "centery": {
        "type": "string",
        "value": "70%"
    },
    "containerweight": 100,
    "contentalignment": 5,
    "displaytext": true,
    "focusskin": "s4003f957b4d4430b2d2b18604b50250",
    "id": "btnAdd",
    "ide_onClick": "AS_Button_jba5d06ff0934494bd2af5a3628d7b71",
    "info": null,
    "isvisible": true,
    "kuid": "f61b99de7c0c4070b6b1407851f76b36",
    "name": "kony.ui.Button",
    "parent": "flxAc",
    "pf": "frmAddAc",
    "wType": "Button",
    "zindex": 1
}