{
    "@class": "com.kony.gen.viz.model.component.KVizTextBox2",
    "DNDConfig": null,
    "__markedForDelete__": true,
    "__parentReadjusting__": false,
    "_height_": {
        "type": "string",
        "value": "40dp"
    },
    "_margin_": [
        0,
        0,
        0,
        0
    ],
    "_padding_": [
        3,
        0,
        0,
        0
    ],
    "_placeholder_": "Contact",
    "_skin_": "sd2be0ab55b340109f8078813deb05d7",
    "_text_": "",
    "_top_": {
        "type": "string",
        "value": "30%"
    },
    "_width_": {
        "type": "string",
        "value": "90%"
    },
    "autocapitalize": "none",
    "autocomplete": false,
    "autocorrect": false,
    "autofilter": false,
    "canUpdateUI": true,
    "centerx": {
        "type": "string",
        "value": "50%"
    },
    "containerheight": "",
    "containerheightmode": 1,
    "containerweight": 100,
    "contentalignment": 4,
    "id": "txtBalance",
    "info": null,
    "isvisible": true,
    "keyboardstyle": "digitpad",
    "keyboardtype": "A",
    "kuid": "eabfa1b78acb44e4b61167b3177ba450",
    "mode": "N",
    "name": "kony.ui.TextBox2",
    "parent": "flxAc",
    "pf": "frmAddAc",
    "securetextentry": false,
    "textinputmode": "N",
    "viewtype": "default",
    "wType": "TextField",
    "zindex": 1
}