{
    "appidkey": "sampleEncDec",
    "mwaddrkey": "",
    "isNewAppWithRespectToAndroidPackageName": "",
    "defaulttheme": "defaultTheme",
    "apppackagekey": "",
    "appaddrkey": "",
    "nativeContainerProperties": {
        "isModified": true,
        "isEnableJSContainer": false,
        "isEnableJSContainerAndroid": false,
        "isEnableJSContaineriOS": false
    },
    "appnamekey": "asmpleEncDec",
    "currentgaversion": "7.3.0",
    "appversionkey": "1.0.0",
    "project.type": "js",
    "startupformkey": "frmMain",
    "vendornamekey": "KonyLabs",
    "createdgaversion": "7.3.0",
    "konyVizVersion": "7.3.0",
    "isDpScaleFactor": true,
    "isMVC": true,
    "referenceWidth": "375",
    "winmobileguidkey": "",
    "APPLICATION_THEME": "default",
    "build": "debug",
    "mastersProperties": {
        "mastersVersion": "2.0.0"
    },
    "appmenu": {
        "tablet": {
            "data": [
                {
                    "windows8": {
                        "appBarButtonStyle": "No Style",
                        "position": "BOTTOM_LEFT"
                    },
                    "android": {
                        "showAsFlag": 0
                    },
                    "kuid": "j1d61c009ff144979834695a65bf54c5",
                    "icon": {
                        "default": "option1.png"
                    },
                    "id": "appmenuitemid1",
                    "title": "Item 1"
                },
                {
                    "windows8": {
                        "appBarButtonStyle": "No Style",
                        "position": "BOTTOM_LEFT"
                    },
                    "android": {
                        "showAsFlag": 0
                    },
                    "kuid": "if1790b83320409fb8f03540a9cf7348",
                    "icon": {
                        "default": "option2.png"
                    },
                    "id": "appmenuitemid2",
                    "title": "Item 2"
                },
                {
                    "windows8": {
                        "appBarButtonStyle": "No Style",
                        "position": "BOTTOM_LEFT"
                    },
                    "android": {
                        "showAsFlag": 0
                    },
                    "kuid": "c3715ce0b62c47f6a92f0f84a1a6f02d",
                    "icon": {
                        "default": "option3.png"
                    },
                    "id": "appmenuitemid3",
                    "title": "Item 3"
                },
                {
                    "windows8": {
                        "appBarButtonStyle": "No Style",
                        "position": "BOTTOM_LEFT"
                    },
                    "android": {
                        "showAsFlag": 0
                    },
                    "kuid": "j659dfc7f1b9486083e872b98eaeea9e",
                    "icon": {
                        "default": "option4.png"
                    },
                    "id": "appmenuitemid4",
                    "title": "Item 4"
                }
            ]
        },
        "desktop": {
            "data": [
                {
                    "kuid": "jb6b74fb22a14621878a451d1771c326",
                    "icon": {
                        "default": "option1.png"
                    },
                    "id": "appmenuitemid1",
                    "title": "Item 1"
                },
                {
                    "kuid": "bacdc827ef784596a83fa5687e9439c3",
                    "icon": {
                        "default": "option2.png"
                    },
                    "id": "appmenuitemid2",
                    "title": "Item 2"
                },
                {
                    "kuid": "j62eb2bdc054495394ca364399b44a72",
                    "icon": {
                        "default": "option3.png"
                    },
                    "id": "appmenuitemid3",
                    "title": "Item 3"
                },
                {
                    "kuid": "c8d7e85489fc47368bded4d724e24988",
                    "icon": {
                        "default": "option4.png"
                    },
                    "id": "appmenuitemid4",
                    "title": "Item 4"
                }
            ]
        },
        "focusskin": null,
        "osVersion": "iOS7",
        "wType": "Appmenu",
        "focusSkin": null,
        "mobile": {
            "data": [
                {
                    "kuid": "b299c69c0b6041749d590081d41b26a4",
                    "android": {
                        "showAsFlag": 0
                    },
                    "icon": {
                        "default": "option1.png"
                    },
                    "id": "appmenuitemid1",
                    "title": "Item 1"
                },
                {
                    "kuid": "be6c07f016da4e6c9b833f6a0b23094e",
                    "android": {
                        "showAsFlag": 0
                    },
                    "icon": {
                        "default": "option2.png"
                    },
                    "id": "appmenuitemid2",
                    "title": "Item 2"
                },
                {
                    "kuid": "ad0b31e950d44799a326e674afc7a633",
                    "android": {
                        "showAsFlag": 0
                    },
                    "icon": {
                        "default": "option3.png"
                    },
                    "id": "appmenuitemid3",
                    "title": "Item 3"
                },
                {
                    "kuid": "ibb1707cbf9e4827aed67ca703aebbed",
                    "android": {
                        "showAsFlag": 0
                    },
                    "icon": {
                        "default": "option4.png"
                    },
                    "id": "appmenuitemid4",
                    "title": "Item 4"
                }
            ]
        },
        "skin": null,
        "osPlatform": ""
    },
    "project_version": "sprint27",
    "mwportkey": "",
    "category": "app",
    "createdVizVersion": "7.3.0",
    "mwhttpsportkey": "",
    "mfappguid": {
        "aa127bac-ceda-4b5f-9131-22683e1253ad": "aabee2cd-c8ea-4e66-9614-4fe9864c4b66",
        "9e9c983b-7a62-4ef3-9b29-924572ff5170": "9ff2a1ac-3574-4140-b562-ce35848d392f"
    },
    "wap_bb400_fontsize": "12",
    "wap_bb360_fontsize": "12",
    "wap_spawindowstab_fontsize": "12",
    "wap_android360_fontsize": "12",
    "isA11yConfigEnabled": false,
    "wap_android440_fontsize": "12",
    "wap_android400_fontsize": "12",
    "wap_spaandroidtabhdpi_fontsize": "12",
    "cordovaVersionInfo": {
        "useGlobalCordova": false
    },
    "wap_bb320_fontsize": "12",
    "enableCordova": false,
    "wap_bb240_fontsize": "12",
    "enableIdForAutomation": false,
    "desktopwebbasefontsize": "12",
    "wap_android240_fontsize": "12",
    "wap_spaandroidtabldpi_fontsize": "12",
    "wap_spaandroidtabmdpi_fontsize": "12",
    "wap_bb480_fontsize": "12",
    "wap_winphone480_fontsize": "12",
    "wap_android640_fontsize": "12",
    "wap_android320_fontsize": "12",
    "wap_spaandroidtab_fontsize": "12",
    "wap_android480_fontsize": "12",
    "wap_winphone320_fontsize": "12",
    "wap_spaipad_fontsize": "12",
    "wap_ip_fontsize": "12",
    "wap_bb440_fontsize": "12",
    "watchos_shortlooknotificationicon_42": "",
    "statusBarHidden": "false",
    "watchos_longlooknotificationicon_42": "",
    "watchos_shortlooknotificationicon_38": "",
    "watchos_notificationcentericon_38": "",
    "watchos_notificationcentericon_42": "",
    "watchos_longlooknotificationicon_38": "",
    "enableactionbar": false
}